year,date,match,score,actual_total_goals,actual_bucket,predicted_bucket,predicted_probability,exact_hit,core_interval,core_probability,core_hit,probabilities
2018,2018-06-14,Russia vs Saudi Arabia,5-0,5,5,2,0.247022,False,2-3,0.469646,False,"{'0': 0.069527, '1': 0.150767, '2': 0.247022, '3': 0.222623, '4': 0.156336, '5': 0.087829, '6': 0.041118, '7+': 0.024777}"
2018,2018-06-15,Egypt vs Uruguay,0-1,1,1,2,0.2803,False,1-2,0.511653,True,"{'0': 0.129364, '1': 0.231352, '2': 0.2803, '3': 0.19155, '4': 0.102093, '5': 0.043531, '6': 0.015468, '7+': 0.006342}"
2018,2018-06-15,Morocco vs Iran,0-1,1,1,1,0.28805,True,1-2,0.563069,True,"{'0': 0.191095, '1': 0.28805, '2': 0.275019, '3': 0.150907, '4': 0.064572, '5': 0.022104, '6': 0.006305, '7+': 0.001947}"
2018,2018-06-15,Portugal vs Spain,3-3,6,6,2,0.26647,False,2-3,0.48036,False,"{'0': 0.091948, '1': 0.18463, '2': 0.26647, '3': 0.21389, '4': 0.133841, '5': 0.067, '6': 0.02795, '7+': 0.01427}"
2018,2018-06-16,France vs Australia,2-1,3,3,2,0.245427,False,2-3,0.468361,True,"{'0': 0.068134, '1': 0.148584, '2': 0.245427, '3': 0.222934, '4': 0.15777, '5': 0.089323, '6': 0.042143, '7+': 0.025685}"
2018,2018-06-16,Argentina vs Iceland,1-1,2,2,2,0.240921,True,2-3,0.464496,True,"{'0': 0.064398, '1': 0.143103, '2': 0.240921, '3': 0.223575, '4': 0.161499, '5': 0.093327, '6': 0.044943, '7+': 0.028235}"
2018,2018-06-16,Peru vs Denmark,0-1,1,1,2,0.280376,False,1-2,0.512504,True,"{'0': 0.130009, '1': 0.232128, '2': 0.280376, '3': 0.191116, '4': 0.101596, '5': 0.043206, '6': 0.015312, '7+': 0.006256}"
2018,2018-06-16,Croatia vs Nigeria,2-0,2,2,2,0.280812,True,1-2,0.518911,True,"{'0': 0.135033, '1': 0.238099, '2': 0.280812, '3': 0.187706, '4': 0.097797, '5': 0.040762, '6': 0.014158, '7+': 0.005633}"
2018,2018-06-17,Costa Rica vs Serbia,0-1,1,1,2,0.273836,False,2-3,0.480071,False,"{'0': 0.105914, '1': 0.20329, '2': 0.273836, '3': 0.206235, '4': 0.121121, '5': 0.056907, '6': 0.022281, '7+': 0.010416}"
2018,2018-06-17,Germany vs Mexico,0-1,1,1,2,0.252748,False,2-3,0.473812,False,"{'0': 0.074932, '1': 0.159716, '2': 0.252748, '3': 0.221064, '4': 0.150628, '5': 0.082108, '6': 0.037298, '7+': 0.021505}"
2018,2018-06-17,Brazil vs Switzerland,1-1,2,2,2,0.278935,True,1-2,0.504853,True,"{'0': 0.123438, '1': 0.225918, '2': 0.278935, '3': 0.195132, '4': 0.106309, '5': 0.046334, '6': 0.016829, '7+': 0.007105}"
2018,2018-06-18,Sweden vs South Korea,1-0,1,1,2,0.276799,False,1-2,0.490377,True,"{'0': 0.114043, '1': 0.213578, '2': 0.276799, '3': 0.201309, '4': 0.114165, '5': 0.051796, '6': 0.019583, '7+': 0.008728}"
2018,2018-06-18,Belgium vs Panama,3-0,3,3,2,0.241438,False,2-3,0.464818,True,"{'0': 0.064603, '1': 0.147241, '2': 0.241438, '3': 0.22338, '4': 0.160193, '5': 0.091904, '6': 0.043938, '7+': 0.027302}"
2018,2018-06-18,Tunisia vs England,1-2,3,3,2,0.279289,False,1-2,0.507515,False,"{'0': 0.125386, '1': 0.228226, '2': 0.279289, '3': 0.193858, '4': 0.104784, '5': 0.04531, '6': 0.016327, '7+': 0.006821}"
2018,2018-06-19,Colombia vs Japan,1-2,3,3,2,0.270003,False,2-3,0.480862,True,"{'0': 0.097845, '1': 0.192347, '2': 0.270003, '3': 0.210859, '4': 0.128441, '5': 0.06259, '6': 0.025417, '7+': 0.012498}"
2018,2018-06-19,Poland vs Senegal,1-2,3,3,2,0.278358,False,1-2,0.49826,False,"{'0': 0.119437, '1': 0.219902, '2': 0.278358, '3': 0.197961, '4': 0.109805, '5': 0.048725, '6': 0.018018, '7+': 0.007793}"
2018,2018-06-19,Russia vs Egypt,3-1,4,4,2,0.280162,False,1-2,0.511217,False,"{'0': 0.128878, '1': 0.231055, '2': 0.280162, '3': 0.191816, '4': 0.102399, '5': 0.043731, '6': 0.015564, '7+': 0.006395}"
2018,2018-06-20,Portugal vs Morocco,1-0,1,1,2,0.281433,False,1-2,0.526871,True,"{'0': 0.14258, '1': 0.245439, '2': 0.281433, '3': 0.182823, '4': 0.092632, '5': 0.037547, '6': 0.012683, '7+': 0.004864}"
2018,2018-06-20,Uruguay vs Saudi Arabia,1-0,1,1,2,0.245972,False,2-3,0.46883,False,"{'0': 0.068623, '1': 0.148878, '2': 0.245972, '3': 0.222858, '4': 0.157403, '5': 0.088939, '6': 0.041878, '7+': 0.025449}"
2018,2018-06-20,Iran vs Spain,0-1,1,1,2,0.279018,False,1-2,0.502271,True,"{'0': 0.122272, '1': 0.223253, '2': 0.279018, '3': 0.196149, '4': 0.107548, '5': 0.047174, '6': 0.017244, '7+': 0.007343}"
2018,2018-06-21,Denmark vs Australia,1-1,2,2,2,0.26618,True,2-3,0.48036,True,"{'0': 0.091454, '1': 0.183653, '2': 0.26618, '3': 0.21418, '4': 0.13439, '5': 0.06746, '6': 0.028219, '7+': 0.014463}"
2018,2018-06-21,France vs Peru,1-0,1,1,2,0.273442,False,2-3,0.479794,False,"{'0': 0.105404, '1': 0.203655, '2': 0.273442, '3': 0.206352, '4': 0.121295, '5': 0.057039, '6': 0.022352, '7+': 0.010462}"
2018,2018-06-21,Argentina vs Croatia,0-3,3,3,2,0.275828,False,1-2,0.48534,False,"{'0': 0.110969, '1': 0.209512, '2': 0.275828, '3': 0.203245, '4': 0.116814, '5': 0.053711, '6': 0.02058, '7+': 0.009341}"
2018,2018-06-22,Brazil vs Costa Rica,2-0,2,2,2,0.271011,True,2-3,0.478299,True,"{'0': 0.102066, '1': 0.205042, '2': 0.271011, '3': 0.207288, '4': 0.122709, '5': 0.058113, '6': 0.022934, '7+': 0.010838}"
2018,2018-06-22,Nigeria vs Iceland,2-0,2,2,2,0.267984,True,2-3,0.480722,True,"{'0': 0.094316, '1': 0.187527, '2': 0.267984, '3': 0.212737, '4': 0.131717, '5': 0.065242, '6': 0.02693, '7+': 0.013547}"
2018,2018-06-22,Serbia vs Switzerland,1-2,3,3,2,0.27457,False,1-2,0.481644,False,"{'0': 0.10815, '1': 0.207073, '2': 0.27457, '3': 0.204741, '4': 0.118934, '5': 0.055271, '6': 0.021404, '7+': 0.009857}"
2018,2018-06-23,Belgium vs Tunisia,5-2,7,7+,2,0.241005,False,2-3,0.464533,False,"{'0': 0.064398, '1': 0.144263, '2': 0.241005, '3': 0.223528, '4': 0.161166, '5': 0.092962, '6': 0.044684, '7+': 0.027993}"
2018,2018-06-23,South Korea vs Mexico,1-2,3,3,2,0.276386,False,1-2,0.488681,False,"{'0': 0.112865, '1': 0.212295, '2': 0.276386, '3': 0.202004, '4': 0.115105, '5': 0.052471, '6': 0.019933, '7+': 0.008941}"
2018,2018-06-23,Germany vs Sweden,2-1,3,3,2,0.261358,False,2-3,0.478609,True,"{'0': 0.084748, '1': 0.174704, '2': 0.261358, '3': 0.217251, '4': 0.140699, '5': 0.072897, '6': 0.031473, '7+': 0.016869}"
2018,2018-06-24,England vs Panama,6-1,7,7+,2,0.27756,False,1-2,0.503796,False,"{'0': 0.120846, '1': 0.226237, '2': 0.27756, '3': 0.196122, '4': 0.107515, '5': 0.047152, '6': 0.017232, '7+': 0.007336}"
2018,2018-06-24,Japan vs Senegal,2-2,4,4,2,0.27573,False,1-2,0.485327,False,"{'0': 0.110834, '1': 0.209597, '2': 0.27573, '3': 0.20328, '4': 0.116862, '5': 0.053746, '6': 0.020598, '7+': 0.009352}"
2018,2018-06-24,Poland vs Colombia,0-3,3,3,2,0.270675,False,2-3,0.480791,True,"{'0': 0.099149, '1': 0.194271, '2': 0.270675, '3': 0.210117, '4': 0.127201, '5': 0.061604, '6': 0.024863, '7+': 0.012121}"
2018,2018-06-25,Russia vs Uruguay,0-3,3,3,2,0.262024,False,2-3,0.478958,True,"{'0': 0.08558, '1': 0.175502, '2': 0.262024, '3': 0.216934, '4': 0.139999, '5': 0.072279, '6': 0.031097, '7+': 0.016584}"
2018,2018-06-25,Saudi Arabia vs Egypt,2-1,3,3,2,0.273471,False,2-3,0.480078,True,"{'0': 0.105184, '1': 0.202663, '2': 0.273471, '3': 0.206607, '4': 0.121677, '5': 0.057328, '6': 0.022508, '7+': 0.010563}"
2018,2018-06-25,Spain vs Morocco,2-2,4,4,2,0.28058,False,1-2,0.517576,False,"{'0': 0.133686, '1': 0.236996, '2': 0.28058, '3': 0.188521, '4': 0.098689, '5': 0.04133, '6': 0.014424, '7+': 0.005774}"
2018,2018-06-25,Iran vs Portugal,1-1,2,2,2,0.281305,True,1-2,0.523648,True,"{'0': 0.139566, '1': 0.242343, '2': 0.281305, '3': 0.184823, '4': 0.09471, '5': 0.038826, '6': 0.013264, '7+': 0.005163}"
2018,2018-06-26,Australia vs Peru,0-2,2,2,2,0.268293,True,2-3,0.480774,True,"{'0': 0.094823, '1': 0.188174, '2': 0.268293, '3': 0.212481, '4': 0.131257, '5': 0.064865, '6': 0.026713, '7+': 0.013395}"
2018,2018-06-26,Denmark vs France,0-0,0,0,2,0.276979,False,1-2,0.491691,False,"{'0': 0.114785, '1': 0.214712, '2': 0.276979, '3': 0.200805, '4': 0.113492, '5': 0.051315, '6': 0.019335, '7+': 0.008578}"
2018,2018-06-26,Nigeria vs Argentina,1-2,3,3,2,0.274808,False,1-2,0.481815,False,"{'0': 0.108511, '1': 0.207007, '2': 0.274808, '3': 0.204621, '4': 0.118761, '5': 0.055142, '6': 0.021336, '7+': 0.009814}"
2018,2018-06-26,Iceland vs Croatia,1-2,3,3,2,0.263422,False,2-3,0.479152,True,"{'0': 0.087673, '1': 0.180316, '2': 0.263422, '3': 0.21573, '4': 0.137452, '5': 0.070062, '6': 0.02976, '7+': 0.015585}"
2018,2018-06-27,South Korea vs Germany,2-0,2,2,2,0.247202,True,2-3,0.46968,True,"{'0': 0.069633, '1': 0.152708, '2': 0.247202, '3': 0.222479, '4': 0.155714, '5': 0.087189, '6': 0.040683, '7+': 0.024393}"
2018,2018-06-27,Mexico vs Sweden,0-3,3,3,2,0.279334,False,1-2,0.504222,False,"{'0': 0.123718, '1': 0.224889, '2': 0.279334, '3': 0.195228, '4': 0.106425, '5': 0.046412, '6': 0.016867, '7+': 0.007127}"
2018,2018-06-27,Serbia vs Brazil,0-2,2,2,2,0.269898,True,2-3,0.479189,True,"{'0': 0.099099, '1': 0.199321, '2': 0.269898, '3': 0.209292, '4': 0.125854, '5': 0.060544, '6': 0.024272, '7+': 0.011721}"
2018,2018-06-27,Switzerland vs Costa Rica,2-2,4,4,2,0.275884,False,1-2,0.49077,False,"{'0': 0.112936, '1': 0.214887, '2': 0.275884, '3': 0.201482, '4': 0.114399, '5': 0.051963, '6': 0.019669, '7+': 0.00878}"
2018,2018-06-28,Japan vs Poland,0-1,1,1,2,0.223922,False,2-3,0.447483,False,"{'0': 0.052992, '1': 0.121017, '2': 0.223922, '3': 0.223561, '4': 0.174097, '5': 0.108462, '6': 0.056309, '7+': 0.03964}"
2018,2018-06-28,Senegal vs Colombia,0-1,1,1,2,0.279983,False,1-2,0.548102,True,"{'0': 0.166316, '1': 0.268119, '2': 0.279983, '3': 0.166989, '4': 0.077663, '5': 0.028896, '6': 0.008959, '7+': 0.003075}"
2018,2018-06-28,Panama vs Tunisia,1-2,3,3,2,0.270396,False,2-3,0.480543,True,"{'0': 0.098844, '1': 0.194698, '2': 0.270396, '3': 0.210147, '4': 0.127251, '5': 0.061644, '6': 0.024885, '7+': 0.012135}"
2018,2018-06-28,England vs Belgium,0-1,1,1,2,0.253327,False,2-3,0.474293,False,"{'0': 0.075516, '1': 0.159616, '2': 0.253327, '3': 0.220966, '4': 0.15032, '5': 0.081809, '6': 0.037102, '7+': 0.021344}"
2018,2018-06-30,France vs Argentina,4-3,7,7+,2,0.265941,False,2-3,0.480312,False,"{'0': 0.091082, '1': 0.183092, '2': 0.265941, '3': 0.214371, '4': 0.134756, '5': 0.067767, '6': 0.028399, '7+': 0.014593}"
2018,2018-06-30,Uruguay vs Portugal,2-1,3,3,2,0.267619,False,2-3,0.480411,True,"{'0': 0.093909, '1': 0.187986, '2': 0.267619, '3': 0.212792, '4': 0.131816, '5': 0.065323, '6': 0.026977, '7+': 0.013579}"
2018,2018-07-01,Russia vs Spain,1-1,2,2,2,0.246941,True,2-3,0.469552,True,"{'0': 0.069438, '1': 0.151131, '2': 0.246941, '3': 0.222611, '4': 0.156282, '5': 0.087773, '6': 0.04108, '7+': 0.024743}"
2018,2018-07-01,Croatia vs Denmark,1-1,2,2,2,0.281405,True,1-2,0.53015,True,"{'0': 0.145616, '1': 0.248746, '2': 0.281405, '3': 0.18075, '4': 0.090527, '5': 0.036272, '6': 0.012111, '7+': 0.004574}"
2018,2018-07-02,Brazil vs Mexico,2-0,2,2,2,0.276182,True,1-2,0.494144,True,"{'0': 0.114629, '1': 0.217962, '2': 0.276182, '3': 0.200235, '4': 0.112739, '5': 0.05078, '6': 0.019061, '7+': 0.008412}"
2018,2018-07-02,Belgium vs Japan,3-2,5,5,3,0.220732,False,2-3,0.42842,False,"{'0': 0.044119, '1': 0.105835, '2': 0.207687, '3': 0.220732, '4': 0.182597, '5': 0.12084, '6': 0.066641, '7+': 0.051548}"
2018,2018-07-03,Sweden vs Switzerland,1-0,1,1,2,0.278333,False,1-2,0.498628,True,"{'0': 0.119565, '1': 0.220296, '2': 0.278333, '3': 0.197831, '4': 0.109642, '5': 0.048612, '6': 0.017961, '7+': 0.00776}"
2018,2018-07-03,Colombia vs England,1-1,2,2,2,0.281233,True,1-2,0.529473,True,"{'0': 0.144617, '1': 0.24824, '2': 0.281233, '3': 0.181305, '4': 0.091086, '5': 0.036608, '6': 0.012261, '7+': 0.00465}"
2018,2018-07-06,Uruguay vs France,0-2,2,2,2,0.265421,True,2-3,0.480095,True,"{'0': 0.090355, '1': 0.182451, '2': 0.265421, '3': 0.214674, '4': 0.135342, '5': 0.068262, '6': 0.028691, '7+': 0.014804}"
2018,2018-07-06,Brazil vs Belgium,1-2,3,3,2,0.260493,False,2-3,0.478298,True,"{'0': 0.08361, '1': 0.172564, '2': 0.260493, '3': 0.217805, '4': 0.141956, '5': 0.074016, '6': 0.03216, '7+': 0.017395}"
2018,2018-07-07,Sweden vs England,0-2,2,2,2,0.280719,True,1-2,0.517538,True,"{'0': 0.133896, '1': 0.236819, '2': 0.280719, '3': 0.188469, '4': 0.098631, '5': 0.041293, '6': 0.014407, '7+': 0.005765}"
2018,2018-07-07,Russia vs Croatia,2-2,4,4,2,0.273614,False,2-3,0.480226,False,"{'0': 0.105322, '1': 0.202357, '2': 0.273614, '3': 0.206612, '4': 0.121685, '5': 0.057334, '6': 0.022511, '7+': 0.010565}"
2018,2018-07-10,France vs Belgium,1-0,1,1,2,0.236962,False,2-3,0.460901,False,"{'0': 0.061512, '1': 0.136524, '2': 0.236962, '3': 0.223939, '4': 0.165029, '5': 0.097293, '6': 0.047799, '7+': 0.030942}"
2018,2018-07-11,Croatia vs England,2-1,3,3,2,0.280875,False,1-2,0.517723,False,"{'0': 0.134292, '1': 0.236847, '2': 0.280875, '3': 0.188293, '4': 0.098439, '5': 0.041171, '6': 0.014349, '7+': 0.005734}"
2018,2018-07-14,Belgium vs England,2-0,2,2,2,0.257742,True,2-3,0.476971,True,"{'0': 0.080287, '1': 0.16709, '2': 0.257742, '3': 0.219229, '4': 0.145423, '5': 0.077172, '6': 0.034127, '7+': 0.01893}"
2018,2018-07-15,France vs Croatia,4-2,6,6,2,0.276026,False,1-2,0.48639,False,"{'0': 0.111585, '1': 0.210363, '2': 0.276026, '3': 0.202854, '4': 0.116271, '5': 0.053315, '6': 0.020373, '7+': 0.009212}"
2022,2022-11-20,Qatar vs Ecuador,0-2,2,2,2,0.270959,True,2-3,0.479891,True,"{'0': 0.100484, '1': 0.198679, '2': 0.270959, '3': 0.208932, '4': 0.125276, '5': 0.060093, '6': 0.024021, '7+': 0.011555}"
2022,2022-11-21,Senegal vs Netherlands,0-2,2,2,2,0.272018,True,2-3,0.480652,True,"{'0': 0.101814, '1': 0.197766, '2': 0.272018, '3': 0.208634, '4': 0.124803, '5': 0.059725, '6': 0.023818, '7+': 0.011421}"
2022,2022-11-21,England vs Iran,6-2,8,7+,2,0.280009,False,1-2,0.509025,False,"{'0': 0.127353, '1': 0.229015, '2': 0.280009, '3': 0.192879, '4': 0.103632, '5': 0.044544, '6': 0.015955, '7+': 0.006612}"
2022,2022-11-21,United States vs Wales,1-1,2,2,2,0.276886,True,1-2,0.49835,True,"{'0': 0.117359, '1': 0.221464, '2': 0.276886, '3': 0.198476, '4': 0.11046, '5': 0.04918, '6': 0.018247, '7+': 0.007928}"
2022,2022-11-22,Argentina vs Saudi Arabia,1-2,3,3,2,0.280004,False,1-2,0.539696,False,"{'0': 0.153375, '1': 0.259692, '2': 0.280004, '3': 0.174817, '4': 0.08476, '5': 0.032877, '6': 0.010627, '7+': 0.003848}"
2022,2022-11-22,Mexico vs Poland,0-0,0,0,2,0.262812,False,2-3,0.479349,False,"{'0': 0.086587, '1': 0.176518, '2': 0.262812, '3': 0.216537, '4': 0.13914, '5': 0.071526, '6': 0.03064, '7+': 0.016241}"
2022,2022-11-22,Denmark vs Tunisia,0-0,0,0,2,0.279304,False,1-2,0.504886,False,"{'0': 0.124014, '1': 0.225582, '2': 0.279304, '3': 0.194965, '4': 0.106108, '5': 0.046198, '6': 0.016762, '7+': 0.007067}"
2022,2022-11-22,France vs Australia,4-1,5,5,2,0.267397,False,2-3,0.480642,False,"{'0': 0.093346, '1': 0.186143, '2': 0.267397, '3': 0.213245, '4': 0.13264, '5': 0.066003, '6': 0.027369, '7+': 0.013857}"
2022,2022-11-23,Germany vs Japan,1-2,3,3,2,0.224382,False,2-3,0.447996,True,"{'0': 0.053241, '1': 0.121707, '2': 0.224382, '3': 0.223614, '4': 0.173775, '5': 0.108035, '6': 0.055971, '7+': 0.039275}"
2022,2022-11-23,Spain vs Costa Rica,7-0,7,7+,2,0.27508,False,1-2,0.490893,False,"{'0': 0.111884, '1': 0.215813, '2': 0.27508, '3': 0.201708, '4': 0.114703, '5': 0.052181, '6': 0.019782, '7+': 0.008849}"
2022,2022-11-23,Morocco vs Croatia,0-0,0,0,2,0.271866,False,2-3,0.479812,False,"{'0': 0.102299, '1': 0.200797, '2': 0.271866, '3': 0.207946, '4': 0.123724, '5': 0.058891, '6': 0.023359, '7+': 0.011117}"
2022,2022-11-23,Belgium vs Canada,1-0,1,1,2,0.224732,False,2-3,0.448375,False,"{'0': 0.053465, '1': 0.121977, '2': 0.224732, '3': 0.223643, '4': 0.17358, '5': 0.107778, '6': 0.055768, '7+': 0.039057}"
2022,2022-11-24,Switzerland vs Cameroon,1-0,1,1,2,0.278935,False,1-2,0.501613,True,"{'0': 0.121831, '1': 0.222678, '2': 0.278935, '3': 0.196444, '4': 0.10791, '5': 0.047422, '6': 0.017367, '7+': 0.007414}"
2022,2022-11-24,Brazil vs Serbia,2-0,2,2,2,0.266425,True,2-3,0.479164,True,"{'0': 0.092756, '1': 0.190641, '2': 0.266425, '3': 0.212739, '4': 0.131719, '5': 0.065244, '6': 0.026931, '7+': 0.013545}"
2022,2022-11-24,Uruguay vs South Korea,0-0,0,0,2,0.277841,False,1-2,0.496135,False,"{'0': 0.117776, '1': 0.218294, '2': 0.277841, '3': 0.198938, '4': 0.111051, '5': 0.049593, '6': 0.018456, '7+': 0.008051}"
2022,2022-11-24,Portugal vs Ghana,3-2,5,5,2,0.275363,False,1-2,0.490653,False,"{'0': 0.112183, '1': 0.21529, '2': 0.275363, '3': 0.201693, '4': 0.114683, '5': 0.052167, '6': 0.019775, '7+': 0.008845}"
2022,2022-11-25,Qatar vs Senegal,1-3,4,4,2,0.279923,False,1-2,0.508427,False,"{'0': 0.126877, '1': 0.228505, '2': 0.279923, '3': 0.193183, '4': 0.103987, '5': 0.04478, '6': 0.01607, '7+': 0.006676}"
2022,2022-11-25,Netherlands vs Ecuador,1-1,2,2,2,0.25744,True,2-3,0.476408,True,"{'0': 0.080073, '1': 0.169833, '2': 0.25744, '3': 0.218969, '4': 0.144759, '5': 0.07656, '6': 0.033742, '7+': 0.018624}"
2022,2022-11-25,Wales vs Iran,0-2,2,2,2,0.276963,True,1-2,0.498315,True,"{'0': 0.117455, '1': 0.221352, '2': 0.276963, '3': 0.198461, '4': 0.11044, '5': 0.049166, '6': 0.01824, '7+': 0.007923}"
2022,2022-11-25,England vs United States,0-0,0,0,2,0.269276,False,2-3,0.48077,False,"{'0': 0.096593, '1': 0.190909, '2': 0.269276, '3': 0.211493, '4': 0.129524, '5': 0.063459, '6': 0.025909, '7+': 0.012836}"
2022,2022-11-26,Poland vs Saudi Arabia,2-0,2,2,2,0.278877,True,1-2,0.501275,True,"{'0': 0.121583, '1': 0.222398, '2': 0.278877, '3': 0.1966, '4': 0.108104, '5': 0.047554, '6': 0.017432, '7+': 0.007452}"
2022,2022-11-26,Argentina vs Mexico,2-0,2,2,2,0.279397,True,1-2,0.509221,True,"{'0': 0.126503, '1': 0.229823, '2': 0.279397, '3': 0.193064, '4': 0.103848, '5': 0.044688, '6': 0.016025, '7+': 0.006651}"
2022,2022-11-26,Tunisia vs Australia,0-1,1,1,2,0.280296,False,1-2,0.511368,True,"{'0': 0.129184, '1': 0.231071, '2': 0.280296, '3': 0.191684, '4': 0.102247, '5': 0.043632, '6': 0.015516, '7+': 0.006369}"
2022,2022-11-26,France vs Denmark,2-1,3,3,2,0.263808,False,2-3,0.479731,True,"{'0': 0.087942, '1': 0.178372, '2': 0.263808, '3': 0.215923, '4': 0.137849, '5': 0.070404, '6': 0.029965, '7+': 0.015738}"
2022,2022-11-27,Japan vs Costa Rica,0-1,1,1,2,0.267284,False,2-3,0.478961,False,"{'0': 0.094452, '1': 0.194042, '2': 0.267284, '3': 0.211677, '4': 0.129841, '5': 0.063715, '6': 0.026055, '7+': 0.012934}"
2022,2022-11-27,Spain vs Germany,1-1,2,2,3,0.222864,False,2-3,0.441213,True,"{'0': 0.049723, '1': 0.115712, '2': 0.21835, '3': 0.222864, '4': 0.177259, '5': 0.112789, '6': 0.059806, '7+': 0.043498}"
2022,2022-11-27,Belgium vs Morocco,0-2,2,2,2,0.269747,True,2-3,0.480836,True,"{'0': 0.097396, '1': 0.191822, '2': 0.269747, '3': 0.211089, '4': 0.128831, '5': 0.062902, '6': 0.025594, '7+': 0.012619}"
2022,2022-11-27,Croatia vs Canada,4-1,5,5,2,0.248182,False,2-3,0.47047,False,"{'0': 0.070536, '1': 0.153593, '2': 0.248182, '3': 0.222288, '4': 0.154937, '5': 0.086394, '6': 0.040145, '7+': 0.023925}"
2022,2022-11-28,Cameroon vs Serbia,3-3,6,6,2,0.278366,False,1-2,0.498545,False,"{'0': 0.119576, '1': 0.220179, '2': 0.278366, '3': 0.19785, '4': 0.109666, '5': 0.048629, '6': 0.017969, '7+': 0.007765}"
2022,2022-11-28,Brazil vs Switzerland,1-0,1,1,2,0.268413,False,2-3,0.478778,False,"{'0': 0.096675, '1': 0.19772, '2': 0.268413, '3': 0.210365, '4': 0.127611, '5': 0.061929, '6': 0.025045, '7+': 0.012242}"
2022,2022-11-28,South Korea vs Ghana,2-3,5,5,2,0.27889,False,1-2,0.505056,False,"{'0': 0.123475, '1': 0.226166, '2': 0.27889, '3': 0.195067, '4': 0.10623, '5': 0.046281, '6': 0.016802, '7+': 0.00709}"
2022,2022-11-28,Portugal vs Uruguay,2-0,2,2,2,0.2741,True,1-2,0.481587,True,"{'0': 0.107522, '1': 0.207486, '2': 0.2741, '3': 0.204895, '4': 0.119156, '5': 0.055436, '6': 0.021492, '7+': 0.009913}"
2022,2022-11-29,Ecuador vs Senegal,1-2,3,3,2,0.280929,False,1-2,0.530853,False,"{'0': 0.145364, '1': 0.249924, '2': 0.280929, '3': 0.1806, '4': 0.090377, '5': 0.036181, '6': 0.012071, '7+': 0.004554}"
2022,2022-11-29,Qatar vs Netherlands,0-2,2,2,2,0.24508,True,2-3,0.468117,True,"{'0': 0.067873, '1': 0.147305, '2': 0.24508, '3': 0.223038, '4': 0.15829, '5': 0.08987, '6': 0.042521, '7+': 0.026024}"
2022,2022-11-29,Wales vs England,0-3,3,3,2,0.268025,False,2-3,0.478879,True,"{'0': 0.09587, '1': 0.196331, '2': 0.268025, '3': 0.210854, '4': 0.128432, '5': 0.062583, '6': 0.025413, '7+': 0.012493}"
2022,2022-11-29,Iran vs United States,0-1,1,1,2,0.278745,False,1-2,0.500433,True,"{'0': 0.120992, '1': 0.221688, '2': 0.278745, '3': 0.196981, '4': 0.108576, '5': 0.047878, '6': 0.017594, '7+': 0.007546}"
2022,2022-11-30,Poland vs Argentina,0-2,2,2,2,0.264666,True,2-3,0.47942,True,"{'0': 0.089546, '1': 0.183512, '2': 0.264666, '3': 0.214754, '4': 0.135499, '5': 0.068394, '6': 0.028769, '7+': 0.01486}"
2022,2022-11-30,Saudi Arabia vs Mexico,1-2,3,3,2,0.280313,False,1-2,0.546118,False,"{'0': 0.163669, '1': 0.265806, '2': 0.280313, '3': 0.168735, '4': 0.0792, '5': 0.02974, '6': 0.009306, '7+': 0.003232}"
2022,2022-11-30,Australia vs Denmark,1-0,1,1,2,0.269001,False,2-3,0.480781,False,"{'0': 0.096086, '1': 0.190122, '2': 0.269001, '3': 0.21178, '4': 0.13002, '5': 0.06386, '6': 0.026137, '7+': 0.012994}"
2022,2022-11-30,Tunisia vs France,1-0,1,1,2,0.278733,False,1-2,0.50134,True,"{'0': 0.121402, '1': 0.222606, '2': 0.278733, '3': 0.196631, '4': 0.108142, '5': 0.04758, '6': 0.017445, '7+': 0.007459}"
2022,2022-12-01,Japan vs Spain,2-1,3,3,2,0.26272,False,2-3,0.47931,True,"{'0': 0.086465, '1': 0.176359, '2': 0.26272, '3': 0.21659, '4': 0.139254, '5': 0.071625, '6': 0.0307, '7+': 0.016286}"
2022,2022-12-01,Costa Rica vs Germany,2-4,6,6,2,0.247547,False,2-3,0.469874,False,"{'0': 0.069915, '1': 0.154306, '2': 0.247547, '3': 0.222327, '4': 0.15509, '5': 0.08655, '6': 0.04025, '7+': 0.024014}"
2022,2022-12-01,Croatia vs Belgium,0-0,0,0,2,0.227152,False,2-3,0.451009,False,"{'0': 0.054848, '1': 0.125451, '2': 0.227152, '3': 0.223857, '4': 0.171872, '5': 0.105567, '6': 0.054035, '7+': 0.037218}"
2022,2022-12-01,Canada vs Morocco,1-2,3,3,2,0.276305,False,1-2,0.487994,False,"{'0': 0.112513, '1': 0.211689, '2': 0.276305, '3': 0.202253, '4': 0.115445, '5': 0.052716, '6': 0.02006, '7+': 0.00902}"
2022,2022-12-02,Serbia vs Switzerland,2-3,5,5,2,0.245945,False,2-3,0.468833,False,"{'0': 0.068617, '1': 0.148386, '2': 0.245945, '3': 0.222888, '4': 0.157548, '5': 0.089091, '6': 0.041982, '7+': 0.025543}"
2022,2022-12-02,Cameroon vs Brazil,1-0,1,1,2,0.278819,False,1-2,0.528032,True,"{'0': 0.138682, '1': 0.249213, '2': 0.278819, '3': 0.183707, '4': 0.093544, '5': 0.038106, '6': 0.012936, '7+': 0.004993}"
2022,2022-12-02,Ghana vs Uruguay,0-2,2,2,2,0.281276,True,1-2,0.523863,True,"{'0': 0.139691, '1': 0.242587, '2': 0.281276, '3': 0.184715, '4': 0.094597, '5': 0.038756, '6': 0.013232, '7+': 0.005146}"
2022,2022-12-02,South Korea vs Portugal,2-1,3,3,2,0.266873,False,2-3,0.480271,True,"{'0': 0.092708, '1': 0.186403, '2': 0.266873, '3': 0.213398, '4': 0.132923, '5': 0.066237, '6': 0.027505, '7+': 0.013953}"
2022,2022-12-03,Netherlands vs United States,3-1,4,4,2,0.266229,False,2-3,0.480421,False,"{'0': 0.091494, '1': 0.183488, '2': 0.266229, '3': 0.214192, '4': 0.134414, '5': 0.06748, '6': 0.028231, '7+': 0.014472}"
2022,2022-12-03,Argentina vs Australia,2-1,3,3,2,0.277835,False,1-2,0.498139,False,"{'0': 0.11863, '1': 0.220304, '2': 0.277835, '3': 0.198202, '4': 0.110111, '5': 0.048938, '6': 0.018125, '7+': 0.007856}"
2022,2022-12-04,France vs Poland,3-1,4,4,2,0.247739,False,2-3,0.470186,False,"{'0': 0.070157, '1': 0.152112, '2': 0.247739, '3': 0.222447, '4': 0.155584, '5': 0.087055, '6': 0.040592, '7+': 0.024315}"
2022,2022-12-04,England vs Senegal,3-0,3,3,2,0.278511,False,1-2,0.501268,False,"{'0': 0.12104, '1': 0.222756, '2': 0.278511, '3': 0.196747, '4': 0.108285, '5': 0.047678, '6': 0.017494, '7+': 0.007488}"
2022,2022-12-05,Japan vs Croatia,1-1,2,2,2,0.257777,True,2-3,0.476801,True,"{'0': 0.080391, '1': 0.168706, '2': 0.257777, '3': 0.219024, '4': 0.1449, '5': 0.076689, '6': 0.033823, '7+': 0.018689}"
2022,2022-12-05,Brazil vs South Korea,4-1,5,5,2,0.278455,False,1-2,0.508985,False,"{'0': 0.124902, '1': 0.23053, '2': 0.278455, '3': 0.193582, '4': 0.104457, '5': 0.045092, '6': 0.016221, '7+': 0.006761}"
2022,2022-12-06,Morocco vs Spain,0-0,0,0,2,0.27944,False,1-2,0.504881,False,"{'0': 0.124218, '1': 0.225441, '2': 0.27944, '3': 0.194911, '4': 0.106042, '5': 0.046154, '6': 0.01674, '7+': 0.007055}"
2022,2022-12-06,Portugal vs Switzerland,6-1,7,7+,2,0.252331,False,2-3,0.473422,False,"{'0': 0.074515, '1': 0.160257, '2': 0.252331, '3': 0.221091, '4': 0.150714, '5': 0.082191, '6': 0.037352, '7+': 0.02155}"
2022,2022-12-09,Croatia vs Brazil,1-1,2,2,2,0.270915,True,2-3,0.478512,True,"{'0': 0.101676, '1': 0.204054, '2': 0.270915, '3': 0.207597, '4': 0.123184, '5': 0.058476, '6': 0.023132, '7+': 0.010967}"
2022,2022-12-09,Netherlands vs Argentina,2-2,4,4,2,0.267239,False,2-3,0.480549,False,"{'0': 0.09314, '1': 0.186126, '2': 0.267239, '3': 0.21331, '4': 0.13276, '5': 0.066102, '6': 0.027427, '7+': 0.013897}"
2022,2022-12-10,Morocco vs Portugal,1-0,1,1,2,0.280274,False,1-2,0.51118,True,"{'0': 0.129036, '1': 0.230906, '2': 0.280274, '3': 0.191781, '4': 0.102359, '5': 0.043705, '6': 0.015551, '7+': 0.006388}"
2022,2022-12-10,England vs France,1-2,3,3,2,0.260902,False,2-3,0.478482,True,"{'0': 0.084127, '1': 0.173341, '2': 0.260902, '3': 0.21758, '4': 0.14144, '5': 0.073555, '6': 0.031877, '7+': 0.017177}"
2022,2022-12-13,Argentina vs Croatia,3-0,3,3,2,0.269399,False,2-3,0.480061,True,"{'0': 0.097407, '1': 0.194438, '2': 0.269399, '3': 0.210662, '4': 0.128108, '5': 0.062324, '6': 0.025267, '7+': 0.012395}"
2022,2022-12-14,France vs Morocco,2-0,2,2,2,0.280318,True,1-2,0.512552,True,"{'0': 0.129945, '1': 0.232234, '2': 0.280318, '3': 0.19112, '4': 0.101601, '5': 0.04321, '6': 0.015314, '7+': 0.006257}"
2022,2022-12-17,Croatia vs Morocco,2-1,3,3,2,0.278536,False,1-2,0.504728,False,"{'0': 0.122773, '1': 0.226192, '2': 0.278536, '3': 0.195348, '4': 0.10657, '5': 0.046511, '6': 0.016916, '7+': 0.007155}"
2022,2022-12-18,Argentina vs France,3-3,6,6,2,0.272667,False,2-3,0.480378,False,"{'0': 0.103321, '1': 0.20011, '2': 0.272667, '3': 0.20771, '4': 0.123359, '5': 0.05861, '6': 0.023206, '7+': 0.011017}"
